ticket_id,date,site_name,machine_id,model,error_code,category_name,symptom,technician_name,technician_level,technician_years,resolution_minutes,first_time_fix,parts_replaced,field_notes
T2023051,2023-01-01,神戸ベイサイド病院,EVS-X1000-1071,EVS-X1000,AWS-006,送気送水・吸引系,吸引チャンネル内に閉塞を検出,渡辺 真央,中堅,6,65,Y,なし,マニュアルの手順に従い対応した。
T2023033,2023-01-20,大阪南部総合病院,EVS-X1000-1010,EVS-X1000,ELE-003,光源・電気系,ビデオプロセッサーの起動に失敗する,中村 健太,新人,1,25,N,電源ユニット,マニュアルの手順に従い対応した。
T2023109,2023-02-01,福岡みらい病院,EVS-X1000-1059,EVS-X1000,PER-002,周辺機器・システム連携系,録画機器（レコーダー）への保存に失敗する,佐藤 久美子,ベテラン,22,42,Y,なし,同型機で過去に同様の事例があり、対処パターンを適用した。
T2023134,2023-02-02,札幌北部クリニック病院,EVS-X1000-1042,EVS-X1000,CLN-001,防水・洗浄系,リークテストで圧力低下を検出,高橋 直人,中堅,8,61,Y,なし,経験上、まずこの部位を先に確認すると特定が早い。
T2023182,2023-02-03,静岡中央病院,EVS-X1000-1064,EVS-X1000,OPT-005,光学系,オートフォーカスが効かない,佐藤 久美子,ベテラン,22,49,Y,フォーカスレンズ駆動部,同型機で過去に同様の事例があり、対処パターンを適用した。
T2023169,2023-02-07,福岡みらい病院,EVS-X1000-1047,EVS-X1000,OPT-006,光学系,画面に黒点・斑点が表示される,山本 さやか,新人,2,97,Y,なし,原因の特定に時間がかかったため、本社サポートに確認した。
T2023180,2023-02-08,金沢医療センター,EVS-X1000-1011,EVS-X1000,PER-002,周辺機器・システム連携系,録画機器（レコーダー）への保存に失敗する,田中 浩一,ベテラン,18,36,Y,なし,同型機で過去に同様の事例があり、対処パターンを適用した。
T2023131,2023-02-13,千葉ニュータウン病院,EVS-X1000-1077,EVS-X1000,OPT-006,光学系,画面に黒点・斑点が表示される,高橋 直人,中堅,8,87,N,なし,応急対応のみ実施し、後日ベテランによる再点検を依頼した。
T2023070,2023-02-22,仙台みなと医療センター,EVS-X1000-1075,EVS-X1000,AWS-005,送気送水・吸引系,副送水口から逆流が発生する,渡辺 真央,中堅,6,93,N,副送水口キャップ,マニュアルの手順に従い対応した。
T2023145,2023-02-23,京都西陣病院,EVS-X1000-1055,EVS-X1000,ELE-001,光源・電気系,光源が点灯しない,高橋 直人,中堅,8,47,Y,LEDモジュール,経験上、まずこの部位を先に確認すると特定が早い。
T2023194,2023-03-05,福岡みらい病院,EVS-X1000-1021,EVS-X1000,CLN-004,防水・洗浄系,洗浄後も内部チャンネルに汚れが残留,伊藤 拓也,新人,1,69,Y,なし,応急対応のみ実施し、後日ベテランによる再点検を依頼した。
T2023111,2023-03-15,大阪南部総合病院,EVS-X1000-1063,EVS-X1000,ELE-005,光源・電気系,接続ケーブルの認識エラー,山本 さやか,新人,2,93,N,なし,原因の特定に時間がかかったため、本社サポートに確認した。
T2023162,2023-03-26,広島中央病院,EVS-X1000-1075,EVS-X1000,OPT-006,光学系,画面に黒点・斑点が表示される,山本 さやか,新人,2,140,Y,なし,応急対応のみ実施し、後日ベテランによる再点検を依頼した。
T2023153,2023-03-28,仙台みなと医療センター,EVS-X1000-1051,EVS-X1000,INS-003,挿入部・湾曲部系,湾曲部の動きが硬く、操作に抵抗を感じる,伊藤 拓也,新人,1,79,Y,湾曲部ゴム,原因の特定に時間がかかったため、本社サポートに確認した。
T2023126,2023-04-03,仙台みなと医療センター,EVS-X1000-1018,EVS-X1000,ELE-003,光源・電気系,ビデオプロセッサーの起動に失敗する,山本 さやか,新人,2,99,N,なし,原因の特定に時間がかかったため、本社サポートに確認した。
T2023216,2023-04-10,札幌北部クリニック病院,EVS-X1000-1046,EVS-X1000,INS-004,挿入部・湾曲部系,挿入部表面に傷・亀裂を確認,高橋 直人,中堅,8,53,Y,なし,初見では別の原因が疑われたが、過去の類似ケースから本当の原因を特定できた。
T2023218,2023-04-15,北海道中央病院,EVS-X1000-1052,EVS-X1000,CLN-004,防水・洗浄系,洗浄後も内部チャンネルに汚れが残留,伊藤 拓也,新人,1,136,N,なし,マニュアルの手順に従い対応した。
T2023067,2023-04-17,広島中央病院,EVS-X1000-1003,EVS-X1000,INS-005,挿入部・湾曲部系,ユニバーサルコードの根本に屈曲した跡がある,佐藤 久美子,ベテラン,22,58,Y,なし,経験上、まずこの部位を先に確認すると特定が早い。
T2023205,2023-04-24,神戸ベイサイド病院,EVS-X1000-1065,EVS-X1000,AWS-006,送気送水・吸引系,吸引チャンネル内に閉塞を検出,鈴木 誠,ベテラン,15,53,Y,なし,同型機で過去に同様の事例があり、対処パターンを適用した。
T2023210,2023-05-03,広島中央病院,EVS-X1000-1010,EVS-X1000,CLN-004,防水・洗浄系,洗浄後も内部チャンネルに汚れが残留,渡辺 真央,中堅,6,53,Y,なし,初見では別の原因が疑われたが、過去の類似ケースから本当の原因を特定できた。
T2023088,2023-05-04,札幌北部クリニック病院,EVS-X1000-1080,EVS-X1000,PER-001,周辺機器・システム連携系,モニターに画像が表示されない,渡辺 真央,中堅,6,50,Y,なし,原因の特定に時間がかかったため、本社サポートに確認した。
T2023135,2023-05-11,福岡みらい病院,EVS-X1000-1015,EVS-X1000,AWS-003,送気送水・吸引系,吸引力が低下している,山本 さやか,新人,2,58,Y,鉗子栓,マニュアルの手順に従い対応した。
T2023141,2023-05-18,東京湾岸総合病院,EVS-X1000-1061,EVS-X1000,INS-005,挿入部・湾曲部系,ユニバーサルコードの根本に屈曲した跡がある,伊藤 拓也,新人,1,120,Y,なし,応急対応のみ実施し、後日ベテランによる再点検を依頼した。
T2023034,2023-05-21,金沢医療センター,EVS-X1000-1045,EVS-X1000,INS-005,挿入部・湾曲部系,ユニバーサルコードの根本に屈曲した跡がある,鈴木 誠,ベテラン,15,58,Y,なし,メーカー標準手順に加え、現場での追加点検を実施して再発を防止した。
T2023006,2023-05-23,札幌北部クリニック病院,EVS-X1000-1025,EVS-X1000,ELE-002,光源・電気系,光量が安定せず明るさがちらつく,伊藤 拓也,新人,1,91,Y,光源駆動基板,マニュアルの手順に従い対応した。
T2023008,2023-05-27,千葉ニュータウン病院,EVS-X1000-1035,EVS-X1000,CLN-001,防水・洗浄系,リークテストで圧力低下を検出,高橋 直人,中堅,8,97,Y,なし,同型機で過去に同様の事例があり、対処パターンを適用した。
T2023161,2023-06-01,大阪南部総合病院,EVS-X1000-1065,EVS-X1000,ELE-001,光源・電気系,光源が点灯しない,田中 浩一,ベテラン,18,38,Y,LEDモジュール,メーカー標準手順に加え、現場での追加点検を実施して再発を防止した。
T2023199,2023-06-01,仙台みなと医療センター,EVS-X1000-1018,EVS-X1000,PER-005,周辺機器・システム連携系,フットスイッチが反応しない,高橋 直人,中堅,8,29,Y,なし,経験上、まずこの部位を先に確認すると特定が早い。
T2023071,2023-06-05,埼京総合病院,EVS-X1000-1026,EVS-X1000,CLN-003,防水・洗浄系,鉗子口キャップの破損を確認,山本 さやか,新人,2,62,Y,鉗子口キャップ,応急対応のみ実施し、後日ベテランによる再点検を依頼した。
T2023170,2023-06-08,東京湾岸総合病院,EVS-X1000-1020,EVS-X1000,INS-001,挿入部・湾曲部系,アングルノブを操作しても先端部が上下方向に湾曲しない,高橋 直人,中堅,8,79,Y,アングルワイヤー,応急対応のみ実施し、後日ベテランによる再点検を依頼した。
T2023018,2023-06-11,北海道中央病院,EVS-X1000-1031,EVS-X1000,ELE-003,光源・電気系,ビデオプロセッサーの起動に失敗する,高橋 直人,中堅,8,56,Y,なし,初見では別の原因が疑われたが、過去の類似ケースから本当の原因を特定できた。
T2023030,2023-06-14,北海道中央病院,EVS-X1000-1066,EVS-X1000,PER-004,周辺機器・システム連携系,システム起動シーケンスでエラー表示,鈴木 誠,ベテラン,15,41,Y,なし,経験上、まずこの部位を先に確認すると特定が早い。
T2023208,2023-06-16,静岡中央病院,EVS-X1000-1004,EVS-X1000,ELE-005,光源・電気系,接続ケーブルの認識エラー,田中 浩一,ベテラン,18,56,Y,なし,メーカー標準手順に加え、現場での追加点検を実施して再発を防止した。
T2023148,2023-06-23,京都西陣病院,EVS-X1000-1073,EVS-X1000,ELE-003,光源・電気系,ビデオプロセッサーの起動に失敗する,伊藤 拓也,新人,1,89,N,電源ユニット,マニュアルの手順に従い対応した。
T2023155,2023-06-30,静岡中央病院,EVS-X1000-1047,EVS-X1000,AWS-005,送気送水・吸引系,副送水口から逆流が発生する,中村 健太,新人,1,96,Y,副送水口キャップ,原因の特定に時間がかかったため、本社サポートに確認した。
T2023147,2023-07-07,埼京総合病院,EVS-X1000-1004,EVS-X1000,OPT-005,光学系,オートフォーカスが効かない,鈴木 誠,ベテラン,15,44,Y,フォーカスレンズ駆動部,メーカー標準手順に加え、現場での追加点検を実施して再発を防止した。
T2023079,2023-07-10,広島中央病院,EVS-X1000-1003,EVS-X1000,PER-004,周辺機器・システム連携系,システム起動シーケンスでエラー表示,中村 健太,新人,1,101,Y,なし,応急対応のみ実施し、後日ベテランによる再点検を依頼した。
T2023112,2023-07-25,神戸ベイサイド病院,EVS-X1000-1013,EVS-X1000,INS-003,挿入部・湾曲部系,湾曲部の動きが硬く、操作に抵抗を感じる,佐藤 久美子,ベテラン,22,37,Y,なし,メーカー標準手順に加え、現場での追加点検を実施して再発を防止した。
T2023004,2023-07-29,横浜さくら病院,EVS-X1000-1044,EVS-X1000,ELE-001,光源・電気系,光源が点灯しない,鈴木 誠,ベテラン,15,43,Y,LEDモジュール,経験上、まずこの部位を先に確認すると特定が早い。
T2023084,2023-07-30,千葉ニュータウン病院,EVS-X1000-1063,EVS-X1000,ELE-002,光源・電気系,光量が安定せず明るさがちらつく,鈴木 誠,ベテラン,15,67,Y,光源駆動基板,メーカー標準手順に加え、現場での追加点検を実施して再発を防止した。
T2023217,2023-08-09,福岡みらい病院,EVS-X1000-1002,EVS-X1000,PER-004,周辺機器・システム連携系,システム起動シーケンスでエラー表示,渡辺 真央,中堅,6,32,Y,なし,応急対応のみ実施し、後日ベテランによる再点検を依頼した。
T2023025,2023-08-12,神戸ベイサイド病院,EVS-X1000-1044,EVS-X1000,AWS-001,送気送水・吸引系,送水ボタンを押しても水が出ない,田中 浩一,ベテラン,18,45,Y,送水ポンプ,初見では別の原因が疑われたが、過去の類似ケースから本当の原因を特定できた。
T2023201,2023-09-06,福岡みらい病院,EVS-X1000-1029,EVS-X1000,AWS-006,送気送水・吸引系,吸引チャンネル内に閉塞を検出,伊藤 拓也,新人,1,162,Y,なし,原因の特定に時間がかかったため、本社サポートに確認した。
T2023050,2023-09-18,神戸ベイサイド病院,EVS-X1000-1038,EVS-X1000,CLN-005,防水・洗浄系,防水キャップの装着不良を検出,伊藤 拓也,新人,1,79,Y,なし,応急対応のみ実施し、後日ベテランによる再点検を依頼した。
T2023133,2023-09-24,名古屋医療センター,EVS-X1000-1019,EVS-X1000,AWS-004,送気送水・吸引系,先端ノズルから水が出続ける（操作と無関係）,田中 浩一,ベテラン,18,19,Y,送水ボタンパッキン,経験上、まずこの部位を先に確認すると特定が早い。
T2023171,2023-09-26,金沢医療センター,EVS-X1000-1080,EVS-X1000,OPT-003,光学系,画面が暗い、または明るさが不安定,伊藤 拓也,新人,1,95,Y,なし,応急対応のみ実施し、後日ベテランによる再点検を依頼した。
T2023187,2023-10-04,千葉ニュータウン病院,EVS-X1000-1024,EVS-X1000,PER-003,周辺機器・システム連携系,複数モニター出力時に片方の画面が乱れる,中村 健太,新人,1,157,Y,分配器,原因の特定に時間がかかったため、本社サポートに確認した。
T2023065,2023-10-05,千葉ニュータウン病院,EVS-X1000-1055,EVS-X1000,OPT-002,光学系,画像にノイズ・縦線が入る,佐藤 久美子,ベテラン,22,51,Y,信号処理基板,メーカー標準手順に加え、現場での追加点検を実施して再発を防止した。
T2023127,2023-10-05,横浜さくら病院,EVS-X1000-1069,EVS-X1000,AWS-002,送気送水・吸引系,送気量が不足し画面の視野が狭い,佐藤 久美子,ベテラン,22,33,N,送気ポンプ,初見では別の原因が疑われたが、過去の類似ケースから本当の原因を特定できた。
T2023175,2023-10-11,京都西陣病院,EVS-X1000-1078,EVS-X1000,AWS-005,送気送水・吸引系,副送水口から逆流が発生する,高橋 直人,中堅,8,74,Y,副送水口キャップ,メーカー標準手順に加え、現場での追加点検を実施して再発を防止した。
T2023092,2023-10-19,金沢医療センター,EVS-X1000-1035,EVS-X1000,INS-003,挿入部・湾曲部系,湾曲部の動きが硬く、操作に抵抗を感じる,鈴木 誠,ベテラン,15,24,Y,湾曲部ゴム,同型機で過去に同様の事例があり、対処パターンを適用した。
T2023211,2023-10-22,横浜さくら病院,EVS-X1000-1044,EVS-X1000,PER-004,周辺機器・システム連携系,システム起動シーケンスでエラー表示,中村 健太,新人,1,91,N,なし,原因の特定に時間がかかったため、本社サポートに確認した。
T2023040,2023-10-31,札幌北部クリニック病院,EVS-X1000-1071,EVS-X1000,OPT-003,光学系,画面が暗い、または明るさが不安定,伊藤 拓也,新人,1,104,Y,なし,マニュアルの手順に従い対応した。
T2023086,2023-11-07,札幌北部クリニック病院,EVS-X1000-1007,EVS-X1000,PER-005,周辺機器・システム連携系,フットスイッチが反応しない,佐藤 久美子,ベテラン,22,38,Y,フットスイッチ,メーカー標準手順に加え、現場での追加点検を実施して再発を防止した。
T2023068,2023-11-09,横浜さくら病院,EVS-X1000-1003,EVS-X1000,OPT-002,光学系,画像にノイズ・縦線が入る,高橋 直人,中堅,8,69,Y,信号処理基板,初見では別の原因が疑われたが、過去の類似ケースから本当の原因を特定できた。
T2023158,2023-11-10,横浜さくら病院,EVS-X1000-1023,EVS-X1000,AWS-004,送気送水・吸引系,先端ノズルから水が出続ける（操作と無関係）,渡辺 真央,中堅,6,59,Y,送水ボタンパッキン,原因の特定に時間がかかったため、本社サポートに確認した。
T2023176,2023-11-25,名古屋医療センター,EVS-X1000-1011,EVS-X1000,AWS-001,送気送水・吸引系,送水ボタンを押しても水が出ない,佐藤 久美子,ベテラン,22,41,Y,なし,同型機で過去に同様の事例があり、対処パターンを適用した。
T2023042,2023-11-29,金沢医療センター,EVS-X1000-1031,EVS-X1000,CLN-005,防水・洗浄系,防水キャップの装着不良を検出,鈴木 誠,ベテラン,15,56,N,なし,同型機で過去に同様の事例があり、対処パターンを適用した。
T2023019,2023-12-05,千葉ニュータウン病院,EVS-X1000-1061,EVS-X1000,AWS-003,送気送水・吸引系,吸引力が低下している,鈴木 誠,ベテラン,15,42,Y,なし,同型機で過去に同様の事例があり、対処パターンを適用した。
T2023027,2023-12-07,仙台みなと医療センター,EVS-X1000-1031,EVS-X1000,OPT-004,光学系,NBI（狭帯域光）観察モードに切り替わらない,田中 浩一,ベテラン,18,30,Y,フィルターホイール駆動部,経験上、まずこの部位を先に確認すると特定が早い。
T2023095,2023-12-25,札幌北部クリニック病院,EVS-X1000-1006,EVS-X1000,OPT-002,光学系,画像にノイズ・縦線が入る,渡辺 真央,中堅,6,41,N,なし,同型機で過去に同様の事例があり、対処パターンを適用した。
T2023083,2024-01-03,横浜さくら病院,EVS-X1000-1047,EVS-X1000,INS-001,挿入部・湾曲部系,アングルノブを操作しても先端部が上下方向に湾曲しない,渡辺 真央,中堅,6,59,Y,なし,経験上、まずこの部位を先に確認すると特定が早い。
T2023191,2024-01-05,仙台みなと医療センター,EVS-X1000-1056,EVS-X1000,OPT-006,光学系,画面に黒点・斑点が表示される,山本 さやか,新人,2,84,Y,なし,応急対応のみ実施し、後日ベテランによる再点検を依頼した。
T2023146,2024-01-07,大阪南部総合病院,EVS-X1000-1001,EVS-X1000,ELE-003,光源・電気系,ビデオプロセッサーの起動に失敗する,伊藤 拓也,新人,1,82,N,電源ユニット,応急対応のみ実施し、後日ベテランによる再点検を依頼した。
T2023099,2024-01-20,神戸ベイサイド病院,EVS-X1000-1007,EVS-X1000,OPT-001,光学系,画面に色ムラ・色調異常が表示される,中村 健太,新人,1,68,Y,イメージセンサーユニット,原因の特定に時間がかかったため、本社サポートに確認した。
T2023106,2024-01-22,金沢医療センター,EVS-X1000-1042,EVS-X1000,CLN-003,防水・洗浄系,鉗子口キャップの破損を確認,中村 健太,新人,1,85,N,鉗子口キャップ,マニュアルの手順に従い対応した。
T2023130,2024-01-24,神戸ベイサイド病院,EVS-X1000-1036,EVS-X1000,CLN-001,防水・洗浄系,リークテストで圧力低下を検出,田中 浩一,ベテラン,18,39,N,なし,初見では別の原因が疑われたが、過去の類似ケースから本当の原因を特定できた。
T2023157,2024-02-02,福岡みらい病院,EVS-X1000-1066,EVS-X1000,OPT-005,光学系,オートフォーカスが効かない,佐藤 久美子,ベテラン,22,56,Y,フォーカスレンズ駆動部,同型機で過去に同様の事例があり、対処パターンを適用した。
T2023132,2024-02-29,静岡中央病院,EVS-X1000-1071,EVS-X1000,INS-002,挿入部・湾曲部系,アングルノブを操作しても先端部が左右方向に湾曲しない,佐藤 久美子,ベテラン,22,49,Y,アングルワイヤー,同型機で過去に同様の事例があり、対処パターンを適用した。
T2023037,2024-03-07,名古屋医療センター,EVS-X1000-1078,EVS-X1000,AWS-004,送気送水・吸引系,先端ノズルから水が出続ける（操作と無関係）,渡辺 真央,中堅,6,67,Y,送水ボタンパッキン,メーカー標準手順に加え、現場での追加点検を実施して再発を防止した。
T2023052,2024-03-13,広島中央病院,EVS-X1000-1057,EVS-X1000,ELE-004,光源・電気系,ビデオプロセッサーが操作中に再起動する,中村 健太,新人,1,129,Y,なし,応急対応のみ実施し、後日ベテランによる再点検を依頼した。
T2023139,2024-03-16,京都西陣病院,EVS-X1000-1015,EVS-X1000,PER-001,周辺機器・システム連携系,モニターに画像が表示されない,佐藤 久美子,ベテラン,22,16,Y,なし,初見では別の原因が疑われたが、過去の類似ケースから本当の原因を特定できた。
T2023029,2024-03-21,横浜さくら病院,EVS-X1000-1038,EVS-X1000,PER-005,周辺機器・システム連携系,フットスイッチが反応しない,鈴木 誠,ベテラン,15,64,Y,フットスイッチ,メーカー標準手順に加え、現場での追加点検を実施して再発を防止した。
T2023156,2024-03-29,埼京総合病院,EVS-X1000-1044,EVS-X1000,CLN-004,防水・洗浄系,洗浄後も内部チャンネルに汚れが残留,渡辺 真央,中堅,6,73,Y,なし,同型機で過去に同様の事例があり、対処パターンを適用した。
T2023178,2024-04-04,仙台みなと医療センター,EVS-X1000-1048,EVS-X1000,INS-004,挿入部・湾曲部系,挿入部表面に傷・亀裂を確認,山本 さやか,新人,2,96,Y,なし,マニュアルの手順に従い対応した。
T2023087,2024-04-07,福岡みらい病院,EVS-X1000-1054,EVS-X1000,INS-004,挿入部・湾曲部系,挿入部表面に傷・亀裂を確認,佐藤 久美子,ベテラン,22,47,Y,なし,メーカー標準手順に加え、現場での追加点検を実施して再発を防止した。
T2023021,2024-04-16,大阪南部総合病院,EVS-X1000-1003,EVS-X1000,INS-003,挿入部・湾曲部系,湾曲部の動きが硬く、操作に抵抗を感じる,佐藤 久美子,ベテラン,22,43,Y,湾曲部ゴム,経験上、まずこの部位を先に確認すると特定が早い。
T2023002,2024-04-21,仙台みなと医療センター,EVS-X1000-1028,EVS-X1000,OPT-003,光学系,画面が暗い、または明るさが不安定,田中 浩一,ベテラン,18,69,Y,なし,経験上、まずこの部位を先に確認すると特定が早い。
T2023129,2024-04-28,広島中央病院,EVS-X1000-1057,EVS-X1000,CLN-002,防水・洗浄系,自動洗浄消毒装置（AER）との接続エラー,高橋 直人,中堅,8,75,Y,なし,マニュアルの手順に従い対応した。
T2023195,2024-04-28,東京湾岸総合病院,EVS-X1000-1009,EVS-X1000,PER-002,周辺機器・システム連携系,録画機器（レコーダー）への保存に失敗する,田中 浩一,ベテラン,18,47,Y,なし,経験上、まずこの部位を先に確認すると特定が早い。
T2023181,2024-05-01,京都西陣病院,EVS-X1000-1037,EVS-X1000,PER-001,周辺機器・システム連携系,モニターに画像が表示されない,佐藤 久美子,ベテラン,22,43,Y,なし,初見では別の原因が疑われたが、過去の類似ケースから本当の原因を特定できた。
T2023022,2024-05-02,仙台みなと医療センター,EVS-X1000-1066,EVS-X1000,OPT-003,光学系,画面が暗い、または明るさが不安定,伊藤 拓也,新人,1,108,Y,なし,原因の特定に時間がかかったため、本社サポートに確認した。
T2023032,2024-05-03,横浜さくら病院,EVS-X1000-1041,EVS-X1000,ELE-004,光源・電気系,ビデオプロセッサーが操作中に再起動する,渡辺 真央,中堅,6,67,Y,なし,同型機で過去に同様の事例があり、対処パターンを適用した。
T2023173,2024-05-04,横浜さくら病院,EVS-X1000-1069,EVS-X1000,ELE-002,光源・電気系,光量が安定せず明るさがちらつく,中村 健太,新人,1,90,Y,光源駆動基板,マニュアルの手順に従い対応した。
T2023055,2024-05-14,広島中央病院,EVS-X1000-1052,EVS-X1000,INS-001,挿入部・湾曲部系,アングルノブを操作しても先端部が上下方向に湾曲しない,山本 さやか,新人,2,137,N,アングルワイヤー,マニュアルの手順に従い対応した。
T2023001,2024-05-16,埼京総合病院,EVS-X1000-1036,EVS-X1000,AWS-002,送気送水・吸引系,送気量が不足し画面の視野が狭い,田中 浩一,ベテラン,18,49,Y,送気ポンプ,経験上、まずこの部位を先に確認すると特定が早い。
T2023054,2024-05-16,北海道中央病院,EVS-X1000-1006,EVS-X1000,INS-001,挿入部・湾曲部系,アングルノブを操作しても先端部が上下方向に湾曲しない,鈴木 誠,ベテラン,15,65,N,アングルワイヤー,経験上、まずこの部位を先に確認すると特定が早い。
T2023031,2024-05-19,神戸ベイサイド病院,EVS-X1000-1016,EVS-X1000,OPT-005,光学系,オートフォーカスが効かない,高橋 直人,中堅,8,64,Y,フォーカスレンズ駆動部,原因の特定に時間がかかったため、本社サポートに確認した。
T2023197,2024-05-26,大阪南部総合病院,EVS-X1000-1036,EVS-X1000,CLN-002,防水・洗浄系,自動洗浄消毒装置（AER）との接続エラー,山本 さやか,新人,2,116,Y,なし,応急対応のみ実施し、後日ベテランによる再点検を依頼した。
T2023094,2024-05-27,埼京総合病院,EVS-X1000-1042,EVS-X1000,OPT-003,光学系,画面が暗い、または明るさが不安定,山本 さやか,新人,2,41,Y,なし,マニュアルの手順に従い対応した。
T2023085,2024-06-01,東京湾岸総合病院,EVS-X1000-1007,EVS-X1000,PER-002,周辺機器・システム連携系,録画機器（レコーダー）への保存に失敗する,伊藤 拓也,新人,1,141,N,なし,原因の特定に時間がかかったため、本社サポートに確認した。
T2023115,2024-06-04,横浜さくら病院,EVS-X1000-1060,EVS-X1000,PER-005,周辺機器・システム連携系,フットスイッチが反応しない,鈴木 誠,ベテラン,15,23,Y,なし,初見では別の原因が疑われたが、過去の類似ケースから本当の原因を特定できた。
T2023046,2024-06-18,北海道中央病院,EVS-X1000-1015,EVS-X1000,CLN-004,防水・洗浄系,洗浄後も内部チャンネルに汚れが残留,伊藤 拓也,新人,1,162,Y,なし,原因の特定に時間がかかったため、本社サポートに確認した。
T2023036,2024-06-25,金沢医療センター,EVS-X1000-1018,EVS-X1000,ELE-003,光源・電気系,ビデオプロセッサーの起動に失敗する,佐藤 久美子,ベテラン,22,16,Y,電源ユニット,経験上、まずこの部位を先に確認すると特定が早い。
T2023089,2024-06-25,千葉ニュータウン病院,EVS-X1000-1028,EVS-X1000,AWS-001,送気送水・吸引系,送水ボタンを押しても水が出ない,高橋 直人,中堅,8,63,Y,送水ポンプ,経験上、まずこの部位を先に確認すると特定が早い。
T2023091,2024-06-25,仙台みなと医療センター,EVS-X1000-1030,EVS-X1000,ELE-002,光源・電気系,光量が安定せず明るさがちらつく,中村 健太,新人,1,119,N,光源駆動基板,マニュアルの手順に従い対応した。
T2023015,2024-06-30,千葉ニュータウン病院,EVS-X1000-1069,EVS-X1000,OPT-001,光学系,画面に色ムラ・色調異常が表示される,佐藤 久美子,ベテラン,22,46,Y,イメージセンサーユニット,同型機で過去に同様の事例があり、対処パターンを適用した。
T2023075,2024-07-03,静岡中央病院,EVS-X1000-1076,EVS-X1000,PER-003,周辺機器・システム連携系,複数モニター出力時に片方の画面が乱れる,山本 さやか,新人,2,100,N,なし,原因の特定に時間がかかったため、本社サポートに確認した。
T2023009,2024-07-06,広島中央病院,EVS-X1000-1049,EVS-X1000,INS-004,挿入部・湾曲部系,挿入部表面に傷・亀裂を確認,鈴木 誠,ベテラン,15,66,Y,なし,メーカー標準手順に加え、現場での追加点検を実施して再発を防止した。
T2023074,2024-07-07,東京湾岸総合病院,EVS-X1000-1067,EVS-X1000,AWS-004,送気送水・吸引系,先端ノズルから水が出続ける（操作と無関係）,山本 さやか,新人,2,157,N,送水ボタンパッキン,応急対応のみ実施し、後日ベテランによる再点検を依頼した。
T2023081,2024-07-08,埼京総合病院,EVS-X1000-1059,EVS-X1000,ELE-005,光源・電気系,接続ケーブルの認識エラー,伊藤 拓也,新人,1,102,N,なし,原因の特定に時間がかかったため、本社サポートに確認した。
T2023063,2024-07-12,広島中央病院,EVS-X1000-1029,EVS-X1000,CLN-005,防水・洗浄系,防水キャップの装着不良を検出,高橋 直人,中堅,8,65,Y,防水キャップ,原因の特定に時間がかかったため、本社サポートに確認した。
T2023059,2024-07-16,千葉ニュータウン病院,EVS-X1000-1031,EVS-X1000,ELE-001,光源・電気系,光源が点灯しない,中村 健太,新人,1,65,Y,LEDモジュール,原因の特定に時間がかかったため、本社サポートに確認した。
T2023118,2024-07-16,静岡中央病院,EVS-X1000-1051,EVS-X1000,ELE-002,光源・電気系,光量が安定せず明るさがちらつく,田中 浩一,ベテラン,18,54,Y,なし,経験上、まずこの部位を先に確認すると特定が早い。
T2023193,2024-07-16,札幌北部クリニック病院,EVS-X1000-1056,EVS-X1000,OPT-003,光学系,画面が暗い、または明るさが不安定,伊藤 拓也,新人,1,76,Y,なし,応急対応のみ実施し、後日ベテランによる再点検を依頼した。
T2023038,2024-07-20,仙台みなと医療センター,EVS-X1000-1055,EVS-X1000,INS-005,挿入部・湾曲部系,ユニバーサルコードの根本に屈曲した跡がある,田中 浩一,ベテラン,18,35,Y,なし,メーカー標準手順に加え、現場での追加点検を実施して再発を防止した。
T2023003,2024-07-23,横浜さくら病院,EVS-X1000-1058,EVS-X1000,INS-001,挿入部・湾曲部系,アングルノブを操作しても先端部が上下方向に湾曲しない,山本 さやか,新人,2,111,N,アングルワイヤー,応急対応のみ実施し、後日ベテランによる再点検を依頼した。
T2023066,2024-07-23,京都西陣病院,EVS-X1000-1049,EVS-X1000,ELE-004,光源・電気系,ビデオプロセッサーが操作中に再起動する,伊藤 拓也,新人,1,95,N,なし,原因の特定に時間がかかったため、本社サポートに確認した。
T2023206,2024-08-04,大阪南部総合病院,EVS-X1000-1067,EVS-X1000,ELE-004,光源・電気系,ビデオプロセッサーが操作中に再起動する,高橋 直人,中堅,8,48,N,なし,メーカー標準手順に加え、現場での追加点検を実施して再発を防止した。
T2023028,2024-08-07,名古屋医療センター,EVS-X1000-1059,EVS-X1000,OPT-001,光学系,画面に色ムラ・色調異常が表示される,山本 さやか,新人,2,129,Y,なし,応急対応のみ実施し、後日ベテランによる再点検を依頼した。
T2023179,2024-08-10,東京湾岸総合病院,EVS-X1000-1005,EVS-X1000,ELE-005,光源・電気系,接続ケーブルの認識エラー,鈴木 誠,ベテラン,15,59,Y,なし,初見では別の原因が疑われたが、過去の類似ケースから本当の原因を特定できた。
T2023100,2024-08-12,福岡みらい病院,EVS-X1000-1017,EVS-X1000,INS-002,挿入部・湾曲部系,アングルノブを操作しても先端部が左右方向に湾曲しない,渡辺 真央,中堅,6,66,Y,アングルワイヤー,原因の特定に時間がかかったため、本社サポートに確認した。
T2023143,2024-08-12,静岡中央病院,EVS-X1000-1007,EVS-X1000,CLN-001,防水・洗浄系,リークテストで圧力低下を検出,山本 さやか,新人,2,87,N,なし,マニュアルの手順に従い対応した。
T2023200,2024-08-17,埼京総合病院,EVS-X1000-1009,EVS-X1000,ELE-004,光源・電気系,ビデオプロセッサーが操作中に再起動する,伊藤 拓也,新人,1,129,N,なし,マニュアルの手順に従い対応した。
T2023113,2024-08-23,京都西陣病院,EVS-X1000-1008,EVS-X1000,OPT-003,光学系,画面が暗い、または明るさが不安定,伊藤 拓也,新人,1,89,Y,なし,原因の特定に時間がかかったため、本社サポートに確認した。
T2023122,2024-08-27,名古屋医療センター,EVS-X1000-1062,EVS-X1000,ELE-001,光源・電気系,光源が点灯しない,鈴木 誠,ベテラン,15,35,Y,なし,メーカー標準手順に加え、現場での追加点検を実施して再発を防止した。
T2023016,2024-09-03,福岡みらい病院,EVS-X1000-1014,EVS-X1000,INS-005,挿入部・湾曲部系,ユニバーサルコードの根本に屈曲した跡がある,鈴木 誠,ベテラン,15,31,Y,なし,同型機で過去に同様の事例があり、対処パターンを適用した。
T2023116,2024-09-04,広島中央病院,EVS-X1000-1045,EVS-X1000,AWS-005,送気送水・吸引系,副送水口から逆流が発生する,佐藤 久美子,ベテラン,22,50,Y,副送水口キャップ,初見では別の原因が疑われたが、過去の類似ケースから本当の原因を特定できた。
T2023136,2024-09-09,埼京総合病院,EVS-X1000-1067,EVS-X1000,INS-003,挿入部・湾曲部系,湾曲部の動きが硬く、操作に抵抗を感じる,田中 浩一,ベテラン,18,48,Y,湾曲部ゴム,経験上、まずこの部位を先に確認すると特定が早い。
T2023151,2024-09-09,北海道中央病院,EVS-X1000-1027,EVS-X1000,CLN-004,防水・洗浄系,洗浄後も内部チャンネルに汚れが残留,田中 浩一,ベテラン,18,69,Y,なし,メーカー標準手順に加え、現場での追加点検を実施して再発を防止した。
T2023035,2024-09-11,広島中央病院,EVS-X1000-1070,EVS-X1000,ELE-002,光源・電気系,光量が安定せず明るさがちらつく,鈴木 誠,ベテラン,15,15,Y,光源駆動基板,経験上、まずこの部位を先に確認すると特定が早い。
T2023093,2024-09-14,仙台みなと医療センター,EVS-X1000-1060,EVS-X1000,ELE-002,光源・電気系,光量が安定せず明るさがちらつく,中村 健太,新人,1,87,Y,光源駆動基板,原因の特定に時間がかかったため、本社サポートに確認した。
T2023120,2024-09-24,金沢医療センター,EVS-X1000-1006,EVS-X1000,AWS-003,送気送水・吸引系,吸引力が低下している,佐藤 久美子,ベテラン,22,54,Y,鉗子栓,経験上、まずこの部位を先に確認すると特定が早い。
T2023101,2024-09-28,埼京総合病院,EVS-X1000-1021,EVS-X1000,OPT-002,光学系,画像にノイズ・縦線が入る,高橋 直人,中堅,8,45,Y,なし,応急対応のみ実施し、後日ベテランによる再点検を依頼した。
T2023140,2024-10-02,埼京総合病院,EVS-X1000-1013,EVS-X1000,CLN-004,防水・洗浄系,洗浄後も内部チャンネルに汚れが残留,山本 さやか,新人,2,136,Y,なし,応急対応のみ実施し、後日ベテランによる再点検を依頼した。
T2023010,2024-10-08,静岡中央病院,EVS-X1000-1005,EVS-X1000,OPT-004,光学系,NBI（狭帯域光）観察モードに切り替わらない,高橋 直人,中堅,8,68,Y,フィルターホイール駆動部,経験上、まずこの部位を先に確認すると特定が早い。
T2023138,2024-10-27,東京湾岸総合病院,EVS-X1000-1036,EVS-X1000,AWS-004,送気送水・吸引系,先端ノズルから水が出続ける（操作と無関係）,佐藤 久美子,ベテラン,22,29,Y,送水ボタンパッキン,メーカー標準手順に加え、現場での追加点検を実施して再発を防止した。
T2023121,2024-10-31,金沢医療センター,EVS-X1000-1038,EVS-X1000,AWS-003,送気送水・吸引系,吸引力が低下している,佐藤 久美子,ベテラン,22,44,Y,鉗子栓,メーカー標準手順に加え、現場での追加点検を実施して再発を防止した。
T2023214,2024-11-01,静岡中央病院,EVS-X1000-1021,EVS-X1000,CLN-005,防水・洗浄系,防水キャップの装着不良を検出,高橋 直人,中堅,8,79,N,防水キャップ,原因の特定に時間がかかったため、本社サポートに確認した。
T2023125,2024-11-02,北海道中央病院,EVS-X1000-1080,EVS-X1000,INS-003,挿入部・湾曲部系,湾曲部の動きが硬く、操作に抵抗を感じる,中村 健太,新人,1,128,Y,なし,原因の特定に時間がかかったため、本社サポートに確認した。
T2023168,2024-11-03,福岡みらい病院,EVS-X1000-1049,EVS-X1000,OPT-006,光学系,画面に黒点・斑点が表示される,渡辺 真央,中堅,6,97,N,なし,原因の特定に時間がかかったため、本社サポートに確認した。
T2023142,2024-11-06,福岡みらい病院,EVS-X1000-1008,EVS-X1000,CLN-002,防水・洗浄系,自動洗浄消毒装置（AER）との接続エラー,鈴木 誠,ベテラン,15,48,Y,なし,初見では別の原因が疑われたが、過去の類似ケースから本当の原因を特定できた。
T2023049,2024-11-07,神戸ベイサイド病院,EVS-X1000-1009,EVS-X1000,INS-001,挿入部・湾曲部系,アングルノブを操作しても先端部が上下方向に湾曲しない,伊藤 拓也,新人,1,78,Y,アングルワイヤー,原因の特定に時間がかかったため、本社サポートに確認した。
T2023189,2024-11-10,大阪南部総合病院,EVS-X1000-1007,EVS-X1000,INS-001,挿入部・湾曲部系,アングルノブを操作しても先端部が上下方向に湾曲しない,渡辺 真央,中堅,6,64,Y,アングルワイヤー,初見では別の原因が疑われたが、過去の類似ケースから本当の原因を特定できた。
T2023053,2024-11-17,名古屋医療センター,EVS-X1000-1066,EVS-X1000,AWS-005,送気送水・吸引系,副送水口から逆流が発生する,佐藤 久美子,ベテラン,22,75,Y,副送水口キャップ,メーカー標準手順に加え、現場での追加点検を実施して再発を防止した。
T2023110,2024-11-24,京都西陣病院,EVS-X1000-1034,EVS-X1000,OPT-005,光学系,オートフォーカスが効かない,中村 健太,新人,1,79,N,フォーカスレンズ駆動部,原因の特定に時間がかかったため、本社サポートに確認した。
T2023104,2024-11-27,名古屋医療センター,EVS-X1000-1054,EVS-X1000,AWS-003,送気送水・吸引系,吸引力が低下している,佐藤 久美子,ベテラン,22,63,N,なし,メーカー標準手順に加え、現場での追加点検を実施して再発を防止した。
T2023080,2024-12-05,福岡みらい病院,EVS-X1000-1068,EVS-X1000,CLN-002,防水・洗浄系,自動洗浄消毒装置（AER）との接続エラー,中村 健太,新人,1,139,Y,なし,応急対応のみ実施し、後日ベテランによる再点検を依頼した。
T2023047,2024-12-08,札幌北部クリニック病院,EVS-X1000-1056,EVS-X1000,OPT-003,光学系,画面が暗い、または明るさが不安定,佐藤 久美子,ベテラン,22,43,Y,なし,経験上、まずこの部位を先に確認すると特定が早い。
T2023096,2024-12-13,仙台みなと医療センター,EVS-X1000-1061,EVS-X1000,PER-001,周辺機器・システム連携系,モニターに画像が表示されない,中村 健太,新人,1,118,Y,なし,原因の特定に時間がかかったため、本社サポートに確認した。
T2023177,2024-12-16,静岡中央病院,EVS-X1000-1058,EVS-X1000,OPT-006,光学系,画面に黒点・斑点が表示される,高橋 直人,中堅,8,88,Y,なし,メーカー標準手順に加え、現場での追加点検を実施して再発を防止した。
T2023167,2024-12-17,札幌北部クリニック病院,EVS-X1000-1019,EVS-X1000,ELE-005,光源・電気系,接続ケーブルの認識エラー,佐藤 久美子,ベテラン,22,36,Y,なし,同型機で過去に同様の事例があり、対処パターンを適用した。
T2023144,2024-12-18,横浜さくら病院,EVS-X1000-1014,EVS-X1000,AWS-004,送気送水・吸引系,先端ノズルから水が出続ける（操作と無関係）,中村 健太,新人,1,93,N,送水ボタンパッキン,原因の特定に時間がかかったため、本社サポートに確認した。
T2023062,2024-12-21,広島中央病院,EVS-X1000-1001,EVS-X1000,OPT-002,光学系,画像にノイズ・縦線が入る,山本 さやか,新人,2,120,Y,なし,原因の特定に時間がかかったため、本社サポートに確認した。
T2023119,2024-12-22,京都西陣病院,EVS-X1000-1030,EVS-X1000,PER-005,周辺機器・システム連携系,フットスイッチが反応しない,渡辺 真央,中堅,6,72,Y,フットスイッチ,応急対応のみ実施し、後日ベテランによる再点検を依頼した。
T2023186,2024-12-22,東京湾岸総合病院,EVS-X1000-1006,EVS-X1000,AWS-001,送気送水・吸引系,送水ボタンを押しても水が出ない,伊藤 拓也,新人,1,115,Y,送水ポンプ,応急対応のみ実施し、後日ベテランによる再点検を依頼した。
T2023183,2024-12-23,北海道中央病院,EVS-X1000-1079,EVS-X1000,ELE-002,光源・電気系,光量が安定せず明るさがちらつく,山本 さやか,新人,2,111,N,光源駆動基板,マニュアルの手順に従い対応した。
T2023077,2024-12-27,広島中央病院,EVS-X1000-1028,EVS-X1000,ELE-004,光源・電気系,ビデオプロセッサーが操作中に再起動する,鈴木 誠,ベテラン,15,49,Y,なし,メーカー標準手順に加え、現場での追加点検を実施して再発を防止した。
T2023041,2025-01-02,金沢医療センター,EVS-X1000-1006,EVS-X1000,ELE-003,光源・電気系,ビデオプロセッサーの起動に失敗する,伊藤 拓也,新人,1,115,Y,なし,応急対応のみ実施し、後日ベテランによる再点検を依頼した。
T2023172,2025-01-16,北海道中央病院,EVS-X1000-1053,EVS-X1000,AWS-005,送気送水・吸引系,副送水口から逆流が発生する,中村 健太,新人,1,100,N,なし,マニュアルの手順に従い対応した。
T2023069,2025-01-25,埼京総合病院,EVS-X1000-1033,EVS-X1000,INS-002,挿入部・湾曲部系,アングルノブを操作しても先端部が左右方向に湾曲しない,中村 健太,新人,1,130,N,アングルワイヤー,マニュアルの手順に従い対応した。
T2023202,2025-01-25,福岡みらい病院,EVS-X1000-1074,EVS-X1000,OPT-002,光学系,画像にノイズ・縦線が入る,伊藤 拓也,新人,1,105,Y,信号処理基板,応急対応のみ実施し、後日ベテランによる再点検を依頼した。
T2023185,2025-02-03,北海道中央病院,EVS-X1000-1050,EVS-X1000,CLN-003,防水・洗浄系,鉗子口キャップの破損を確認,中村 健太,新人,1,109,N,鉗子口キャップ,原因の特定に時間がかかったため、本社サポートに確認した。
T2023220,2025-02-03,仙台みなと医療センター,EVS-X1000-1051,EVS-X1000,AWS-002,送気送水・吸引系,送気量が不足し画面の視野が狭い,鈴木 誠,ベテラン,15,50,Y,送気ポンプ,メーカー標準手順に加え、現場での追加点検を実施して再発を防止した。
T2023076,2025-02-15,札幌北部クリニック病院,EVS-X1000-1079,EVS-X1000,INS-004,挿入部・湾曲部系,挿入部表面に傷・亀裂を確認,中村 健太,新人,1,130,Y,なし,原因の特定に時間がかかったため、本社サポートに確認した。
T2023007,2025-02-17,静岡中央病院,EVS-X1000-1013,EVS-X1000,OPT-006,光学系,画面に黒点・斑点が表示される,高橋 直人,中堅,8,65,Y,なし,メーカー標準手順に加え、現場での追加点検を実施して再発を防止した。
T2023124,2025-02-19,大阪南部総合病院,EVS-X1000-1034,EVS-X1000,AWS-002,送気送水・吸引系,送気量が不足し画面の視野が狭い,中村 健太,新人,1,98,N,送気ポンプ,原因の特定に時間がかかったため、本社サポートに確認した。
T2023174,2025-02-21,京都西陣病院,EVS-X1000-1037,EVS-X1000,PER-002,周辺機器・システム連携系,録画機器（レコーダー）への保存に失敗する,中村 健太,新人,1,160,Y,なし,原因の特定に時間がかかったため、本社サポートに確認した。
T2023114,2025-02-22,東京湾岸総合病院,EVS-X1000-1011,EVS-X1000,AWS-006,送気送水・吸引系,吸引チャンネル内に閉塞を検出,鈴木 誠,ベテラン,15,57,Y,なし,同型機で過去に同様の事例があり、対処パターンを適用した。
T2023060,2025-02-23,東京湾岸総合病院,EVS-X1000-1030,EVS-X1000,OPT-006,光学系,画面に黒点・斑点が表示される,鈴木 誠,ベテラン,15,53,Y,なし,同型機で過去に同様の事例があり、対処パターンを適用した。
T2023014,2025-02-27,札幌北部クリニック病院,EVS-X1000-1009,EVS-X1000,AWS-005,送気送水・吸引系,副送水口から逆流が発生する,山本 さやか,新人,2,115,Y,副送水口キャップ,原因の特定に時間がかかったため、本社サポートに確認した。
T2023166,2025-03-02,大阪南部総合病院,EVS-X1000-1013,EVS-X1000,ELE-005,光源・電気系,接続ケーブルの認識エラー,佐藤 久美子,ベテラン,22,52,Y,なし,同型機で過去に同様の事例があり、対処パターンを適用した。
T2023165,2025-03-04,金沢医療センター,EVS-X1000-1037,EVS-X1000,CLN-002,防水・洗浄系,自動洗浄消毒装置（AER）との接続エラー,伊藤 拓也,新人,1,87,N,なし,応急対応のみ実施し、後日ベテランによる再点検を依頼した。
T2023011,2025-03-21,千葉ニュータウン病院,EVS-X1000-1064,EVS-X1000,ELE-004,光源・電気系,ビデオプロセッサーが操作中に再起動する,高橋 直人,中堅,8,91,Y,なし,同型機で過去に同様の事例があり、対処パターンを適用した。
T2023123,2025-03-24,東京湾岸総合病院,EVS-X1000-1029,EVS-X1000,PER-003,周辺機器・システム連携系,複数モニター出力時に片方の画面が乱れる,佐藤 久美子,ベテラン,22,71,Y,分配器,初見では別の原因が疑われたが、過去の類似ケースから本当の原因を特定できた。
T2023045,2025-03-27,北海道中央病院,EVS-X1000-1025,EVS-X1000,INS-003,挿入部・湾曲部系,湾曲部の動きが硬く、操作に抵抗を感じる,高橋 直人,中堅,8,51,N,湾曲部ゴム,メーカー標準手順に加え、現場での追加点検を実施して再発を防止した。
T2023098,2025-04-07,大阪南部総合病院,EVS-X1000-1015,EVS-X1000,ELE-004,光源・電気系,ビデオプロセッサーが操作中に再起動する,渡辺 真央,中堅,6,116,N,なし,応急対応のみ実施し、後日ベテランによる再点検を依頼した。
T2023154,2025-04-09,名古屋医療センター,EVS-X1000-1015,EVS-X1000,CLN-004,防水・洗浄系,洗浄後も内部チャンネルに汚れが残留,山本 さやか,新人,2,122,Y,なし,原因の特定に時間がかかったため、本社サポートに確認した。
T2023078,2025-04-12,仙台みなと医療センター,EVS-X1000-1031,EVS-X1000,OPT-001,光学系,画面に色ムラ・色調異常が表示される,高橋 直人,中堅,8,52,Y,イメージセンサーユニット,応急対応のみ実施し、後日ベテランによる再点検を依頼した。
T2023043,2025-04-23,埼京総合病院,EVS-X1000-1043,EVS-X1000,OPT-002,光学系,画像にノイズ・縦線が入る,鈴木 誠,ベテラン,15,54,Y,信号処理基板,メーカー標準手順に加え、現場での追加点検を実施して再発を防止した。
T2023149,2025-05-18,名古屋医療センター,EVS-X1000-1057,EVS-X1000,OPT-004,光学系,NBI（狭帯域光）観察モードに切り替わらない,佐藤 久美子,ベテラン,22,28,Y,フィルターホイール駆動部,経験上、まずこの部位を先に確認すると特定が早い。
T2023192,2025-05-22,広島中央病院,EVS-X1000-1078,EVS-X1000,ELE-002,光源・電気系,光量が安定せず明るさがちらつく,渡辺 真央,中堅,6,65,Y,光源駆動基板,初見では別の原因が疑われたが、過去の類似ケースから本当の原因を特定できた。
T2023039,2025-05-25,東京湾岸総合病院,EVS-X1000-1057,EVS-X1000,AWS-003,送気送水・吸引系,吸引力が低下している,渡辺 真央,中堅,6,60,N,なし,原因の特定に時間がかかったため、本社サポートに確認した。
T2023012,2025-05-27,埼京総合病院,EVS-X1000-1075,EVS-X1000,INS-004,挿入部・湾曲部系,挿入部表面に傷・亀裂を確認,渡辺 真央,中堅,6,50,N,なし,初見では別の原因が疑われたが、過去の類似ケースから本当の原因を特定できた。
T2023072,2025-05-27,大阪南部総合病院,EVS-X1000-1069,EVS-X1000,AWS-002,送気送水・吸引系,送気量が不足し画面の視野が狭い,田中 浩一,ベテラン,18,29,Y,送気ポンプ,経験上、まずこの部位を先に確認すると特定が早い。
T2023152,2025-05-31,北海道中央病院,EVS-X1000-1064,EVS-X1000,ELE-004,光源・電気系,ビデオプロセッサーが操作中に再起動する,佐藤 久美子,ベテラン,22,36,Y,なし,初見では別の原因が疑われたが、過去の類似ケースから本当の原因を特定できた。
T2023048,2025-06-12,名古屋医療センター,EVS-X1000-1006,EVS-X1000,CLN-003,防水・洗浄系,鉗子口キャップの破損を確認,高橋 直人,中堅,8,52,Y,鉗子口キャップ,応急対応のみ実施し、後日ベテランによる再点検を依頼した。
T2023164,2025-06-15,北海道中央病院,EVS-X1000-1032,EVS-X1000,OPT-006,光学系,画面に黒点・斑点が表示される,鈴木 誠,ベテラン,15,49,N,なし,同型機で過去に同様の事例があり、対処パターンを適用した。
T2023020,2025-06-16,神戸ベイサイド病院,EVS-X1000-1048,EVS-X1000,INS-001,挿入部・湾曲部系,アングルノブを操作しても先端部が上下方向に湾曲しない,渡辺 真央,中堅,6,110,N,アングルワイヤー,初見では別の原因が疑われたが、過去の類似ケースから本当の原因を特定できた。
T2023026,2025-06-26,静岡中央病院,EVS-X1000-1010,EVS-X1000,PER-003,周辺機器・システム連携系,複数モニター出力時に片方の画面が乱れる,高橋 直人,中堅,8,82,N,分配器,応急対応のみ実施し、後日ベテランによる再点検を依頼した。
T2023196,2025-06-28,大阪南部総合病院,EVS-X1000-1048,EVS-X1000,AWS-004,送気送水・吸引系,先端ノズルから水が出続ける（操作と無関係）,中村 健太,新人,1,81,N,送水ボタンパッキン,応急対応のみ実施し、後日ベテランによる再点検を依頼した。
T2023198,2025-07-02,名古屋医療センター,EVS-X1000-1034,EVS-X1000,CLN-003,防水・洗浄系,鉗子口キャップの破損を確認,佐藤 久美子,ベテラン,22,44,Y,鉗子口キャップ,メーカー標準手順に加え、現場での追加点検を実施して再発を防止した。
T2023159,2025-07-08,京都西陣病院,EVS-X1000-1073,EVS-X1000,PER-005,周辺機器・システム連携系,フットスイッチが反応しない,中村 健太,新人,1,83,N,フットスイッチ,応急対応のみ実施し、後日ベテランによる再点検を依頼した。
T2023213,2025-07-09,仙台みなと医療センター,EVS-X1000-1035,EVS-X1000,INS-004,挿入部・湾曲部系,挿入部表面に傷・亀裂を確認,中村 健太,新人,1,110,Y,なし,原因の特定に時間がかかったため、本社サポートに確認した。
T2023204,2025-07-10,千葉ニュータウン病院,EVS-X1000-1010,EVS-X1000,AWS-003,送気送水・吸引系,吸引力が低下している,伊藤 拓也,新人,1,101,Y,鉗子栓,応急対応のみ実施し、後日ベテランによる再点検を依頼した。
T2023005,2025-07-29,京都西陣病院,EVS-X1000-1006,EVS-X1000,CLN-001,防水・洗浄系,リークテストで圧力低下を検出,渡辺 真央,中堅,6,20,Y,なし,マニュアルの手順に従い対応した。
T2023056,2025-08-09,京都西陣病院,EVS-X1000-1067,EVS-X1000,INS-003,挿入部・湾曲部系,湾曲部の動きが硬く、操作に抵抗を感じる,鈴木 誠,ベテラン,15,63,Y,なし,同型機で過去に同様の事例があり、対処パターンを適用した。
T2023061,2025-08-12,神戸ベイサイド病院,EVS-X1000-1043,EVS-X1000,OPT-005,光学系,オートフォーカスが効かない,山本 さやか,新人,2,92,Y,なし,応急対応のみ実施し、後日ベテランによる再点検を依頼した。
T2023024,2025-08-14,神戸ベイサイド病院,EVS-X1000-1053,EVS-X1000,PER-001,周辺機器・システム連携系,モニターに画像が表示されない,伊藤 拓也,新人,1,143,N,なし,マニュアルの手順に従い対応した。
T2023160,2025-08-18,広島中央病院,EVS-X1000-1009,EVS-X1000,ELE-004,光源・電気系,ビデオプロセッサーが操作中に再起動する,鈴木 誠,ベテラン,15,16,Y,なし,メーカー標準手順に加え、現場での追加点検を実施して再発を防止した。
T2023090,2025-08-20,埼京総合病院,EVS-X1000-1077,EVS-X1000,CLN-005,防水・洗浄系,防水キャップの装着不良を検出,中村 健太,新人,1,95,Y,防水キャップ,マニュアルの手順に従い対応した。
T2023044,2025-08-21,静岡中央病院,EVS-X1000-1005,EVS-X1000,AWS-001,送気送水・吸引系,送水ボタンを押しても水が出ない,山本 さやか,新人,2,53,Y,送水ポンプ,原因の特定に時間がかかったため、本社サポートに確認した。
T2023103,2025-08-25,静岡中央病院,EVS-X1000-1062,EVS-X1000,ELE-001,光源・電気系,光源が点灯しない,山本 さやか,新人,2,111,Y,LEDモジュール,応急対応のみ実施し、後日ベテランによる再点検を依頼した。
T2023023,2025-08-26,埼京総合病院,EVS-X1000-1074,EVS-X1000,INS-002,挿入部・湾曲部系,アングルノブを操作しても先端部が左右方向に湾曲しない,鈴木 誠,ベテラン,15,45,Y,アングルワイヤー,経験上、まずこの部位を先に確認すると特定が早い。
T2023107,2025-08-26,北海道中央病院,EVS-X1000-1041,EVS-X1000,INS-003,挿入部・湾曲部系,湾曲部の動きが硬く、操作に抵抗を感じる,山本 さやか,新人,2,94,Y,湾曲部ゴム,応急対応のみ実施し、後日ベテランによる再点検を依頼した。
T2023058,2025-08-30,金沢医療センター,EVS-X1000-1021,EVS-X1000,PER-001,周辺機器・システム連携系,モニターに画像が表示されない,中村 健太,新人,1,106,Y,なし,マニュアルの手順に従い対応した。
T2023203,2025-09-07,名古屋医療センター,EVS-X1000-1051,EVS-X1000,OPT-006,光学系,画面に黒点・斑点が表示される,佐藤 久美子,ベテラン,22,19,Y,なし,経験上、まずこの部位を先に確認すると特定が早い。
T2023117,2025-09-16,横浜さくら病院,EVS-X1000-1050,EVS-X1000,PER-003,周辺機器・システム連携系,複数モニター出力時に片方の画面が乱れる,渡辺 真央,中堅,6,85,Y,なし,メーカー標準手順に加え、現場での追加点検を実施して再発を防止した。
T2023082,2025-09-18,横浜さくら病院,EVS-X1000-1028,EVS-X1000,AWS-002,送気送水・吸引系,送気量が不足し画面の視野が狭い,鈴木 誠,ベテラン,15,55,Y,なし,メーカー標準手順に加え、現場での追加点検を実施して再発を防止した。
T2023150,2025-09-23,千葉ニュータウン病院,EVS-X1000-1076,EVS-X1000,AWS-002,送気送水・吸引系,送気量が不足し画面の視野が狭い,渡辺 真央,中堅,6,71,Y,送気ポンプ,メーカー標準手順に加え、現場での追加点検を実施して再発を防止した。
T2023105,2025-09-29,静岡中央病院,EVS-X1000-1076,EVS-X1000,ELE-002,光源・電気系,光量が安定せず明るさがちらつく,渡辺 真央,中堅,6,84,Y,光源駆動基板,メーカー標準手順に加え、現場での追加点検を実施して再発を防止した。
T2023128,2025-09-29,千葉ニュータウン病院,EVS-X1000-1013,EVS-X1000,AWS-004,送気送水・吸引系,先端ノズルから水が出続ける（操作と無関係）,山本 さやか,新人,2,128,N,送水ボタンパッキン,原因の特定に時間がかかったため、本社サポートに確認した。
T2023073,2025-09-30,静岡中央病院,EVS-X1000-1054,EVS-X1000,ELE-005,光源・電気系,接続ケーブルの認識エラー,田中 浩一,ベテラン,18,75,Y,なし,初見では別の原因が疑われたが、過去の類似ケースから本当の原因を特定できた。
T2023137,2025-10-01,神戸ベイサイド病院,EVS-X1000-1014,EVS-X1000,PER-004,周辺機器・システム連携系,システム起動シーケンスでエラー表示,山本 さやか,新人,2,102,N,なし,原因の特定に時間がかかったため、本社サポートに確認した。
T2023013,2025-10-07,東京湾岸総合病院,EVS-X1000-1066,EVS-X1000,CLN-002,防水・洗浄系,自動洗浄消毒装置（AER）との接続エラー,高橋 直人,中堅,8,75,Y,なし,原因の特定に時間がかかったため、本社サポートに確認した。
T2023097,2025-10-11,大阪南部総合病院,EVS-X1000-1053,EVS-X1000,AWS-001,送気送水・吸引系,送水ボタンを押しても水が出ない,鈴木 誠,ベテラン,15,36,Y,送水ポンプ,経験上、まずこの部位を先に確認すると特定が早い。
T2023190,2025-10-15,東京湾岸総合病院,EVS-X1000-1064,EVS-X1000,CLN-003,防水・洗浄系,鉗子口キャップの破損を確認,伊藤 拓也,新人,1,163,Y,鉗子口キャップ,応急対応のみ実施し、後日ベテランによる再点検を依頼した。
T2023209,2025-10-16,札幌北部クリニック病院,EVS-X1000-1004,EVS-X1000,INS-002,挿入部・湾曲部系,アングルノブを操作しても先端部が左右方向に湾曲しない,山本 さやか,新人,2,138,N,アングルワイヤー,原因の特定に時間がかかったため、本社サポートに確認した。
T2023102,2025-10-17,千葉ニュータウン病院,EVS-X1000-1020,EVS-X1000,PER-003,周辺機器・システム連携系,複数モニター出力時に片方の画面が乱れる,佐藤 久美子,ベテラン,22,39,N,分配器,メーカー標準手順に加え、現場での追加点検を実施して再発を防止した。
T2023215,2025-10-18,福岡みらい病院,EVS-X1000-1060,EVS-X1000,AWS-005,送気送水・吸引系,副送水口から逆流が発生する,中村 健太,新人,1,135,Y,副送水口キャップ,原因の特定に時間がかかったため、本社サポートに確認した。
T2023163,2025-10-23,札幌北部クリニック病院,EVS-X1000-1061,EVS-X1000,INS-001,挿入部・湾曲部系,アングルノブを操作しても先端部が上下方向に湾曲しない,伊藤 拓也,新人,1,116,Y,なし,原因の特定に時間がかかったため、本社サポートに確認した。
T2023108,2025-10-25,北海道中央病院,EVS-X1000-1017,EVS-X1000,AWS-004,送気送水・吸引系,先端ノズルから水が出続ける（操作と無関係）,中村 健太,新人,1,57,N,なし,原因の特定に時間がかかったため、本社サポートに確認した。
T2023219,2025-10-29,仙台みなと医療センター,EVS-X1000-1050,EVS-X1000,CLN-002,防水・洗浄系,自動洗浄消毒装置（AER）との接続エラー,渡辺 真央,中堅,6,45,N,なし,マニュアルの手順に従い対応した。
T2023184,2025-11-05,福岡みらい病院,EVS-X1000-1070,EVS-X1000,CLN-002,防水・洗浄系,自動洗浄消毒装置（AER）との接続エラー,佐藤 久美子,ベテラン,22,60,Y,なし,経験上、まずこの部位を先に確認すると特定が早い。
T2023212,2025-11-20,京都西陣病院,EVS-X1000-1048,EVS-X1000,CLN-004,防水・洗浄系,洗浄後も内部チャンネルに汚れが残留,鈴木 誠,ベテラン,15,67,Y,なし,メーカー標準手順に加え、現場での追加点検を実施して再発を防止した。
T2023188,2025-11-21,大阪南部総合病院,EVS-X1000-1040,EVS-X1000,INS-001,挿入部・湾曲部系,アングルノブを操作しても先端部が上下方向に湾曲しない,田中 浩一,ベテラン,18,55,Y,アングルワイヤー,初見では別の原因が疑われたが、過去の類似ケースから本当の原因を特定できた。
T2023017,2025-12-22,京都西陣病院,EVS-X1000-1021,EVS-X1000,AWS-004,送気送水・吸引系,先端ノズルから水が出続ける（操作と無関係）,伊藤 拓也,新人,1,145,Y,なし,マニュアルの手順に従い対応した。
T2023057,2025-12-23,東京湾岸総合病院,EVS-X1000-1060,EVS-X1000,AWS-002,送気送水・吸引系,送気量が不足し画面の視野が狭い,中村 健太,新人,1,150,N,送気ポンプ,原因の特定に時間がかかったため、本社サポートに確認した。
T2023207,2025-12-28,東京湾岸総合病院,EVS-X1000-1039,EVS-X1000,INS-001,挿入部・湾曲部系,アングルノブを操作しても先端部が上下方向に湾曲しない,渡辺 真央,中堅,6,93,Y,アングルワイヤー,マニュアルの手順に従い対応した。
T2023064,2025-12-29,金沢医療センター,EVS-X1000-1017,EVS-X1000,AWS-005,送気送水・吸引系,副送水口から逆流が発生する,中村 健太,新人,1,112,Y,副送水口キャップ,原因の特定に時間がかかったため、本社サポートに確認した。
